source,target
d21577a55c83,5ff55e0ab306
d21577a55c83,4cb4ef29ef40
4cb4ef29ef40,201213675655
4cb4ef29ef40,11e9455c454e
064321d3e06b,b11e62220db6
064321d3e06b,e79957e22fc8
5812e3485fcb,e2e1dbf23a1f
5812e3485fcb,6485143b99a3
f05d1c4eec97,d21577a55c83
f05d1c4eec97,baa27779bde9
f05d1c4eec97,e79957e22fc8
3331fff645f8,dd2dc8ca7043
04944e661d76,baa27779bde9
04944e661d76,dd2dc8ca7043
acd7393121a3,11e9455c454e
6255795217ba,70ed9c8f137c
6255795217ba,884ede58a460
6255795217ba,6485143b99a3
63d0294642c4,274cff404a4f
63d0294642c4,00fc2c1b36f5
63d0294642c4,acd7393121a3
63d0294642c4,5ff55e0ab306
b11e62220db6,8b17d361c137
b11e62220db6,165d5ac6509e
b11e62220db6,e79957e22fc8
11e9455c454e,6485143b99a3
11e9455c454e,8b17d361c137
11e9455c454e,63d0294642c4
11e9455c454e,c164e6523589
274cff404a4f,6485143b99a3
165d5ac6509e,201213675655
165d5ac6509e,064321d3e06b
165d5ac6509e,6f88a2ae7849
165d5ac6509e,f05d1c4eec97
baa27779bde9,11e9455c454e
baa27779bde9,3331fff645f8
baa27779bde9,acd7393121a3
baa27779bde9,064321d3e06b
8b17d361c137,064321d3e06b
8b17d361c137,e79957e22fc8
8b17d361c137,c8538f032471
216e9a2b1cbf,e2e1dbf23a1f
216e9a2b1cbf,c8538f032471
216e9a2b1cbf,165d5ac6509e
216e9a2b1cbf,00fc2c1b36f5
00fc2c1b36f5,c164e6523589
e2e1dbf23a1f,6255795217ba
e2e1dbf23a1f,5812e3485fcb
e2e1dbf23a1f,8b17d361c137
e2e1dbf23a1f,c164e6523589
e79957e22fc8,6f88a2ae7849
e79957e22fc8,201213675655
e79957e22fc8,baa27779bde9
70ed9c8f137c,6485143b99a3
70ed9c8f137c,f05d1c4eec97
70ed9c8f137c,dd2dc8ca7043
70ed9c8f137c,c8538f032471
5ff55e0ab306,8b17d361c137
5ff55e0ab306,63d0294642c4
dd2dc8ca7043,3331fff645f8
f520790667ac,00fc2c1b36f5
f520790667ac,c164e6523589
f520790667ac,5ff55e0ab306
f520790667ac,4cb4ef29ef40
c164e6523589,d21577a55c83
c164e6523589,acd7393121a3
c164e6523589,04944e661d76
c164e6523589,b11e62220db6
201213675655,274cff404a4f
201213675655,8b17d361c137
6485143b99a3,6255795217ba
c8538f032471,201213675655
884ede58a460,63d0294642c4
884ede58a460,5812e3485fcb
884ede58a460,baa27779bde9
6f88a2ae7849,baa27779bde9
6f88a2ae7849,04944e661d76
6f88a2ae7849,064321d3e06b
6f88a2ae7849,dd2dc8ca7043
